{"cameraMode":{"drawMode":0,"name":"Shaded","section":"Shading Mode"},"sceneLighting":true,"audioPlay":false,"sceneViewState":{"m_AlwaysRefresh":false,"showFog":true,"showSkybox":true,"showFlares":true,"showImageEffects":true,"showParticleSystems":true,"showVisualEffectGraphs":true,"m_FxEnabled":true},"in2DMode":false,"pivot":{"x":-1.0844894647598267,"y":1.3803162574768067,"z":0.43192625045776369},"rotation":{"x":0.15909866988658906,"y":-0.0931466817855835,"z":0.015079742297530175,"w":0.9827430844306946},"size":4.466025352478027,"orthographic":false}