{"cameraMode":{"drawMode":0,"name":"Shaded","section":"Shading Mode"},"sceneLighting":true,"audioPlay":false,"sceneViewState":{"m_AlwaysRefresh":false,"showFog":true,"showSkybox":true,"showFlares":true,"showImageEffects":true,"showParticleSystems":true,"showVisualEffectGraphs":true,"m_FxEnabled":true},"in2DMode":false,"pivot":{"x":498.4894714355469,"y":289.6932678222656,"z":171.9437255859375},"rotation":{"x":0.23875688016414643,"y":-0.05738579109311104,"z":0.014146319590508938,"w":0.9693445563316345},"size":637.9016723632813,"orthographic":false}