{"cameraMode":{"drawMode":0,"name":"Shaded","section":"Shading Mode"},"sceneLighting":true,"audioPlay":false,"sceneViewState":{"m_AlwaysRefresh":false,"showFog":true,"showSkybox":true,"showFlares":true,"showImageEffects":true,"showParticleSystems":true,"showVisualEffectGraphs":true,"m_FxEnabled":true},"in2DMode":false,"pivot":{"x":85.29953002929688,"y":48.3060188293457,"z":96.84648132324219},"rotation":{"x":-0.1908351331949234,"y":0.0011996612884104252,"z":-0.0002568845229689032,"w":-0.9816842675209045},"size":61.15827941894531,"orthographic":false}