{"cameraMode":{"drawMode":0,"name":"Shaded","section":"Shading Mode"},"sceneLighting":true,"audioPlay":false,"sceneViewState":{"m_AlwaysRefresh":false,"showFog":true,"showSkybox":true,"showFlares":true,"showImageEffects":true,"showParticleSystems":true,"showVisualEffectGraphs":true,"m_FxEnabled":true},"in2DMode":false,"pivot":{"x":-106.22334289550781,"y":-2.5776023864746095,"z":162.79010009765626},"rotation":{"x":-0.0783366784453392,"y":0.6829437613487244,"z":-0.07405032962560654,"w":-0.7225521206855774},"size":178.98843383789063,"orthographic":false}