{"cameraMode":{"drawMode":0,"name":"Shaded","section":"Shading Mode"},"sceneLighting":true,"audioPlay":false,"sceneViewState":{"m_AlwaysRefresh":false,"showFog":true,"showSkybox":true,"showFlares":true,"showImageEffects":true,"showParticleSystems":true,"showVisualEffectGraphs":true,"m_FxEnabled":true},"in2DMode":false,"pivot":{"x":11.194122314453125,"y":41.49473571777344,"z":232.1214599609375},"rotation":{"x":0.12388738989830017,"y":-0.06904562562704086,"z":0.008642468601465226,"w":0.9899274110794067},"size":1061.8743896484375,"orthographic":false}