{"cameraMode":{"drawMode":0,"name":"Shaded","section":"Shading Mode"},"sceneLighting":true,"audioPlay":false,"sceneViewState":{"m_AlwaysRefresh":false,"showFog":true,"showSkybox":true,"showFlares":true,"showImageEffects":true,"showParticleSystems":true,"showVisualEffectGraphs":true,"m_FxEnabled":true},"in2DMode":false,"pivot":{"x":69.7944564819336,"y":28.394920349121095,"z":141.0849151611328},"rotation":{"x":0.020202631130814554,"y":0.9788461327552795,"z":-0.16450002789497376,"w":0.12012597918510437},"size":15.433238983154297,"orthographic":false}